id,description,tags
1248,most common tag that user uses: complex relationships,action|sci-fi|funny|comedy|boring
2194,most common tag that user uses: post-apocalyptic,imdb top 250|atmospheric|classic|based on a book|drama
2294,most common tag that user uses: simulated reality,drama|imdb top 250|thought-provoking|cinematography|overrated
7038,most common tag that user uses: love,imdb top 250|comedy|classic|funny|atmospheric
10744,most common tag that user uses: bechdel test:fail,action|funny|fantasy|superhero|adventure
13394,most common tag that user uses: sci-fi,action|sci-fi|atmospheric|imdb top 250|predictable
18021,most common tag that user uses: futuristic,action|funny|imdb top 250|comedy|classic
27307,most common tag that user uses: incest,imdb top 250|atmospheric|action|sci-fi|classic
27618,most common tag that user uses: jedi,comedy|imdb top 250|funny|adventure|overrated
30082,most common tag that user uses: can see 100 times no bore at all,imdb top 250|action|atmospheric|based on a book|drama
30638,most common tag that user uses: bibliothek,comedy|drama|funny|imdb top 250|based on a book
30662,most common tag that user uses: clint eastwood,action|violence|imdb top 250|atmospheric|drama
30810,most common tag that user uses: space,based on a book|action|fantasy|boring|magic
34472,most common tag that user uses: brad pitt,imdb top 250|violence|action|funny|comedy
38602,most common tag that user uses: twist ending,action|predictable|adventure|funny|sci-fi
40667,most common tag that user uses: psychological,drama|imdb top 250|atmospheric|cinematography|action
41044,most common tag that user uses: anti-hero,action|fantasy|adventure|sci-fi|epic
43778,most common tag that user uses: politics,based on a book|social commentary|corruption|boring|dark comedy
44467,most common tag that user uses: adventure,atmospheric|drama|imdb top 250|boring|violence
44949,most common tag that user uses: organized crime,imdb top 250|action|classic|based on a book|drama
45273,most common tag that user uses: twist ending,violence|imdb top 250|overrated|thriller|crime
47745,most common tag that user uses: a24,cinematography|atmospheric|drama|imdb top 250|violence
49813,most common tag that user uses: action,romance|classic|comedy|imdb top 250|funny
53819,most common tag that user uses: dystopia,sci-fi|atmospheric|imdb top 250|violence|action
53833,most common tag that user uses: boring,psychology|imdb top 250|surreal|atmospheric|dark
54664,most common tag that user uses: atmospheric,atmospheric|boring|cinematography|dark|visually appealing
56780,most common tag that user uses: philosophical,atmospheric|drama|based on a book|imdb top 250|predictable
57474,most common tag that user uses: peter o'toole,imdb top 250|action|based on a book|cinematography|drama
57936,most common tag that user uses: rescue,imdb top 250|classic|great soundtrack|twist ending|comedy
59636,most common tag that user uses: humorous action,imdb top 250|action|adventure|classic|epic
60097,most common tag that user uses: assassination,imdb top 250|action|atmospheric|classic|boring
61500,most common tag that user uses: great acting,imdb top 250|violence|drama|atmospheric|classic
62067,most common tag that user uses: treasure hunt,action|adventure|superhero|based on a book|espionage
62214,most common tag that user uses: filmmaking,funny|imdb top 250|violence|drama|crime
63098,most common tag that user uses: detective,action|drama|based on a book|overrated|thought-provoking
64452,most common tag that user uses: heroes,action|sci-fi|imdb top 250|drama|funny
64659,most common tag that user uses: dystopia,action|imdb top 250|drama|sci-fi|atmospheric
72365,most common tag that user uses: cinematography,action|predictable|adventure|drama|fantasy
72871,most common tag that user uses: funny,comedy|funny|action|atmospheric|classic
73347,most common tag that user uses: romance,comedy|funny|classic|romance|family
74773,most common tag that user uses: philosophical,action|funny|imdb top 250|comedy|sci-fi
75549,most common tag that user uses: computer animation,classic|comedy|disney|fantasy|romance
75717,most common tag that user uses: boring,action|funny|comedy|sci-fi|adventure
76426,most common tag that user uses: distorted reality,imdb top 250|drama|overrated|thriller|violence
77025,most common tag that user uses: tobey maguire,action|based on a book|fantasy|sci-fi|drama
77785,most common tag that user uses: action,funny|comedy|action|based on a book|violence
78270,most common tag that user uses: fight scenes,action|thriller|overrated|imdb top 250|sci-fi
82429,most common tag that user uses: visually appealing,imdb top 250|drama|action|overrated|funny
82895,most common tag that user uses: the most touching,romance|comedy|funny|chick flick|classic
84302,most common tag that user uses: inspirational,imdb top 250|atmospheric|based on a book|classic|dark
84422,most common tag that user uses: action,action|funny|comedy|violence|sci-fi
84960,most common tag that user uses: action,drama|psychology|romance|imdb top 250|action
86775,most common tag that user uses: atmospheric,classic|imdb top 250|atmospheric|drama|action
87002,most common tag that user uses: philosophy,funny|sci-fi|action|comedy|imdb top 250
88238,most common tag that user uses: realism,imdb top 250|comedy|violence|drama|funny
88451,most common tag that user uses: action,action|imdb top 250|classic|comedy|funny
89513,most common tag that user uses: plot twist,funny|comedy|imdb top 250|animation|drama
92206,most common tag that user uses: gun fight,imdb top 250|classic|based on a book|drama|overrated
93416,most common tag that user uses: gangster,action|funny|based on a book|comedy|adventure
94228,most common tag that user uses: horror,imdb top 250|atmospheric|classic|violence|action
95043,most common tag that user uses: horror,drama|atmospheric|imdb top 250|romance|based on a book
95212,most common tag that user uses: surreal,atmospheric|disturbing|imdb top 250|overrated|cinematography
95758,most common tag that user uses: trey parker,comedy|funny|imdb top 250|drama|violence
95947,most common tag that user uses: beautiful visuals,action|sci-fi|violence|atmospheric|predictable
97462,most common tag that user uses: funny,action|imdb top 250|boring|ensemble cast|atmospheric
98859,most common tag that user uses: 2d characters,imdb top 250|based on a book|atmospheric|drama|violence
101430,most common tag that user uses: hitchcock at his best,imdb top 250|classic|atmospheric|based on a book|stylized
104715,most common tag that user uses: classic,action|adventure|fantasy|sci-fi|based on a book
105490,most common tag that user uses: doyouspeakit,imdb top 250|action|drama|overrated|violence
106508,most common tag that user uses: dark,based on a book|classic|drama|imdb top 250|funny
106551,most common tag that user uses: based on a book,drama|imdb top 250|based on a book|surreal|atmospheric
106583,most common tag that user uses: boring,fantasy|adventure|action|sci-fi|classic
106982,most common tag that user uses: romantic,action|adventure|funny|sci-fi|classic
108431,most common tag that user uses: life positive,action|imdb top 250|violence|visually appealing|cinematography
108525,most common tag that user uses: action,based on a book|sci-fi|action|thought-provoking|drama
108999,most common tag that user uses: dystopia,imdb top 250|atmospheric|action|classic|dark
109138,most common tag that user uses: redemption,imdb top 250|action|overrated|violence|funny
109920,most common tag that user uses: mafia,drama|based on a true story|based on a book|true story|action
111412,most common tag that user uses: mtv feature,drama|imdb top 250|atmospheric|bittersweet|classic
112192,most common tag that user uses: thoughtful sci-fi,based on a book|drama|funny|imdb top 250|action
114090,most common tag that user uses: rock movies,imdb top 250|atmospheric|classic|cult film|great soundtrack
121920,most common tag that user uses: british,
121941,most common tag that user uses: fantasy,imdb top 250|action|atmospheric|stylized|boring
127463,most common tag that user uses: steve mcqueen,imdb top 250|classic|atmospheric|drama|violence
131761,most common tag that user uses: anime,imdb top 250|atmospheric|classic|dark|sci-fi
135399,most common tag that user uses: thriller,imdb top 250|drama|action|thriller|based on a book
136522,most common tag that user uses: car chase,action|comedy|funny|sci-fi|based on a book
138786,most common tag that user uses: and this isn't at all how i pictured most of the characters,imdb top 250|classic|action|atmospheric|comedy
142402,most common tag that user uses: foreign language,action|imdb top 250|overrated|violence|drama
143964,most common tag that user uses: classic,imdb top 250|based on a book|drama|atmospheric|classic
145184,most common tag that user uses: classic,drama|imdb top 250|great acting|violence|comedy
146656,most common tag that user uses: best movie,drama|imdb top 250|great acting|thought-provoking|true story
148593,most common tag that user uses: crime,imdb top 250|atmospheric|classic|stylized|action
153407,most common tag that user uses: strong female lead,imdb top 250|action|drama|violence|atmospheric
153529,most common tag that user uses: french,imdb top 250|action|atmospheric|classic|drama
153690,most common tag that user uses: marvel,action|comedy|classic|based on a book|funny
155572,most common tag that user uses: kate winslet,based on a book|drama|atmospheric|great soundtrack|good acting
160695,most common tag that user uses: visually appealing,action|funny|comedy|adventure|based on a book
162196,most common tag that user uses: virus,action|imdb top 250|predictable|atmospheric|drama
162220,most common tag that user uses: action,imdb top 250|action|adventure|classic|overrated
