method,id,tags_rated,top_five_4_or_5
score(),5,9,4
score(),104,5,4
score(),151,7,3
score(),176,5,4
score(),267,9,4
score(),356,89,4
score(),427,5,3
score(),434,5,3
score(),502,6,4
score(),596,13,5
score(),610,8,5
score(),783,11,4
score(),1007,5,3
score(),1241,12,5
score(),1284,14,5
score(),1562,24,2
score(),1688,14,3
score(),1960,21,5
score(),1963,8,5
score(),1966,9,5
score(),1981,5,2
score(),1994,11,5
score(),2004,9,3
score(),2022,15,5
score(),2034,8,4
score(),2080,8,4
score(),2163,7,4
score(),2278,11,4
score(),2420,8,4
score(),2450,16,4
score(),2580,16,3
score(),2696,11,4
score(),2791,15,5
score(),2966,10,4
score(),3066,5,5
score(),3074,5,5
score(),3100,7,5
score(),3152,13,5
score(),3201,11,4
score(),3386,16,5
score(),3420,7,4
score(),3528,7,4
score(),3668,5,3
score(),3745,19,5
score(),3831,5,5
score(),3988,12,5
score(),4155,7,4
score(),4167,9,3
score(),4255,7,3
score(),4329,6,2
score(),4427,12,5
score(),4678,7,5
score(),5014,9,2
score(),5027,6,4
score(),5222,6,4
score(),5388,15,5
score(),5954,14,5
score(),6440,20,4
score(),6541,15,4
score(),6650,24,4
score(),6755,11,4
score(),6867,8,4
score(),6953,20,5
score(),7460,8,5
score(),8607,14,5
score(),8633,5,4
score(),8947,6,5
score(),27721,8,2
score(),30707,34,4
score(),30749,17,5
score(),32017,6,4
score(),40339,9,4
score(),43836,12,4
score(),45431,8,2
score(),45442,6,4
score(),47997,23,5
score(),48385,20,5
score(),49932,16,4
score(),53000,14,5
score(),53460,3,3
score(),53519,20,4
score(),55805,16,4
score(),61248,9,5
score(),64620,9,5
score(),65514,9,4
score(),66097,23,5
score(),72226,26,5
score(),72733,8,5
score(),72998,51,3
score(),73344,11,5
score(),81847,14,5
score(),85412,14,3
score(),89904,12,4
score(),90405,27,5
score(),90430,12,5
score(),93272,4,4
score(),106696,18,4
score(),111362,32,5
score(),113348,12,3
score(),114180,16,5
score(),122896,12,3
score(),122898,19,4
score(),122906,39,4
score(),125916,13,3
score(),130634,20,4
score(),135141,18,3
score(),141866,17,4
score(),187717,7,2
score(),194951,19,4
score(),275245,17,3
popularity,5,9,4
popularity,104,5,4
popularity,151,7,3
popularity,176,5,4
popularity,267,9,4
popularity,356,89,5
popularity,427,5,3
popularity,434,5,3
popularity,502,6,4
popularity,596,13,5
popularity,610,8,5
popularity,783,11,4
popularity,1007,5,3
popularity,1241,12,5
popularity,1284,14,5
popularity,1562,24,5
popularity,1688,14,4
popularity,1960,21,5
popularity,1963,8,5
popularity,1966,9,5
popularity,1981,5,2
popularity,1994,11,5
popularity,2004,9,3
popularity,2022,15,5
popularity,2034,8,4
popularity,2080,8,4
popularity,2163,7,4
popularity,2278,11,4
popularity,2420,8,4
popularity,2450,16,4
popularity,2580,16,4
popularity,2696,11,4
popularity,2791,15,5
popularity,2966,10,5
popularity,3066,5,5
popularity,3074,5,5
popularity,3100,7,5
popularity,3152,13,5
popularity,3201,11,4
popularity,3386,16,5
popularity,3420,7,4
popularity,3528,7,4
popularity,3668,5,3
popularity,3745,19,5
popularity,3831,5,5
popularity,3988,12,5
popularity,4155,7,4
popularity,4167,9,3
popularity,4255,7,4
popularity,4329,6,2
popularity,4427,12,5
popularity,4678,7,5
popularity,5014,9,3
popularity,5027,6,4
popularity,5222,6,4
popularity,5388,15,5
popularity,5954,14,5
popularity,6440,20,5
popularity,6541,15,4
popularity,6650,24,5
popularity,6755,11,4
popularity,6867,8,4
popularity,6953,20,5
popularity,7460,8,5
popularity,8607,14,5
popularity,8633,5,4
popularity,8947,6,5
popularity,27721,8,2
popularity,30707,34,5
popularity,30749,17,5
popularity,32017,6,4
popularity,40339,9,4
popularity,43836,12,4
popularity,45431,8,2
popularity,45442,6,4
popularity,47997,23,5
popularity,48385,20,5
popularity,49932,16,5
popularity,53000,14,5
popularity,53460,3,3
popularity,53519,20,4
popularity,55805,16,4
popularity,61248,9,5
popularity,64620,9,5
popularity,65514,9,5
popularity,66097,23,5
popularity,72226,26,5
popularity,72733,8,5
popularity,72998,51,5
popularity,73344,11,5
popularity,81847,14,5
popularity,85412,14,4
popularity,89904,12,5
popularity,90405,27,5
popularity,90430,12,5
popularity,93272,4,4
popularity,106696,18,5
popularity,111362,32,5
popularity,113348,12,3
popularity,114180,16,4
popularity,122896,12,4
popularity,122898,19,4
popularity,122906,39,4
popularity,125916,13,3
popularity,130634,20,4
popularity,135141,18,3
popularity,141866,17,4
popularity,187717,7,2
popularity,194951,19,4
popularity,275245,17,4
your own order,104,2,2
your own order,3988,4,4
your own order,45431,2,1
your own order,53460,2,2
your own order,72226,7,5
your own order,81847,7,5
your own order,93272,1,1
your own order,106696,7,5
your own order,114180,8,4
your own order,122906,4,3
